{
  "version": "2023.1",
  "applications": [],
  "platforms": [],
  "systems": [
    {
      "name": "fade_wipe_system",
      "platform": "C:/Users/motchy/Xilinx/Vitis_workspace/display_hls_platform/export/display_hls_platform/display_hls_platform.xpfm",
      "sysConfig": "display_hls_platform",
      "buildConfig": "Debug",
      "applications": [
        {
          "name": "fade_wipe",
          "platform": "C:/Users/motchy/Xilinx/Vitis_workspace/display_hls_platform/export/display_hls_platform/display_hls_platform.xpfm",
          "platformPath": "C:\\Users\\motchy\\Xilinx\\Vitis_workspace\\display_hls_platform\\export\\display_hls_platform",
          "sysConfig": "display_hls_platform",
          "domain": "standalone_domain",
          "system": "fade_wipe_system"
        }
      ],
      "platformPath": "C:\\Users\\motchy\\Xilinx\\Vitis_workspace\\display_hls_platform\\export\\display_hls_platform"
    }
  ],
  "others": []
}