{
  "version": "2023.1",
  "applications": [],
  "platforms": [
    {
      "name": "muladd_platform"
    }
  ],
  "systems": [
    {
      "name": "muladd_system",
      "platform": "C:/Users/motchy/Xilinx/Vitis_workspace/muladd_platform/export/muladd_platform/muladd_platform.xpfm",
      "sysConfig": "muladd_platform",
      "buildConfig": "Debug",
      "applications": [
        {
          "name": "muladd",
          "platform": "C:/Users/motchy/Xilinx/Vitis_workspace/muladd_platform/export/muladd_platform/muladd_platform.xpfm",
          "platformPath": "C:\\Users\\motchy\\Xilinx\\Vitis_workspace\\muladd_platform\\export\\muladd_platform",
          "sysConfig": "muladd_platform",
          "domain": "standalone_domain",
          "system": "muladd_system"
        }
      ],
      "platformPath": "C:\\Users\\motchy\\Xilinx\\Vitis_workspace\\muladd_platform\\export\\muladd_platform"
    }
  ],
  "others": []
}