{
  "version": "2023.1",
  "applications": [],
  "platforms": [
    {
      "name": "display_xga_platrom"
    }
  ],
  "systems": [
    {
      "name": "display_xga_system",
      "platform": "C:/Users/motchy/Xilinx/Vitis_workspace/display_xga_platrom/export/display_xga_platrom/display_xga_platrom.xpfm",
      "sysConfig": "display_xga_platrom",
      "buildConfig": "Debug",
      "applications": [
        {
          "name": "display_xga",
          "platform": "C:/Users/motchy/Xilinx/Vitis_workspace/display_xga_platrom/export/display_xga_platrom/display_xga_platrom.xpfm",
          "platformPath": "C:\\Users\\motchy\\Xilinx\\Vitis_workspace\\display_xga_platrom\\export\\display_xga_platrom",
          "sysConfig": "display_xga_platrom",
          "domain": "standalone_domain",
          "system": "display_xga_system"
        }
      ],
      "platformPath": "C:\\Users\\motchy\\Xilinx\\Vitis_workspace\\display_xga_platrom\\export\\display_xga_platrom"
    }
  ],
  "others": []
}