{
  "version": "2023.1",
  "applications": [],
  "platforms": [
    {
      "name": "avg_min_max_platform"
    },
    {
      "name": "muladd_platform"
    }
  ],
  "systems": [
    {
      "name": "avg_min_max_system",
      "platform": "C:/Users/motchy/Xilinx/Vitis_workspace/avg_min_max_platform/export/avg_min_max_platform/avg_min_max_platform.xpfm",
      "sysConfig": "avg_min_max_platform",
      "buildConfig": "Debug",
      "applications": [
        {
          "name": "avg_min_max",
          "platform": "C:/Users/motchy/Xilinx/Vitis_workspace/avg_min_max_platform/export/avg_min_max_platform/avg_min_max_platform.xpfm",
          "platformPath": "C:\\Users\\motchy\\Xilinx\\Vitis_workspace\\avg_min_max_platform\\export\\avg_min_max_platform",
          "sysConfig": "avg_min_max_platform",
          "domain": "standalone_domain",
          "system": "avg_min_max_system"
        }
      ],
      "platformPath": "C:\\Users\\motchy\\Xilinx\\Vitis_workspace\\avg_min_max_platform\\export\\avg_min_max_platform"
    }
  ],
  "others": []
}